Date,Moon Phase,Illumination
2017-01-01,Waxing Crescent,10%
2017-01-02,Waxing Crescent,17%
2017-01-03,Waxing Crescent,26%
2017-01-04,Waxing Crescent,36%
2017-01-05,First Quarter,47%
2017-01-06,Waxing Gibbous,58%
2017-01-07,Waxing Gibbous,69%
2017-01-08,Waxing Gibbous,79%
2017-01-09,Waxing Gibbous,88%
2017-01-10,Waxing Gibbous,94%
2017-01-11,Waxing Gibbous,99%
2017-01-12,Full Moon,100%
2017-01-13,Waning Gibbous,99%
2017-01-14,Waning Gibbous,95%
2017-01-15,Waning Gibbous,89%
2017-01-16,Waning Gibbous,81%
2017-01-17,Waning Gibbous,73%
2017-01-18,Waning Gibbous,64%
2017-01-19,Last Quarter,54%
2017-01-20,Waning Crescent,45%
2017-01-21,Waning Crescent,35%
2017-01-22,Waning Crescent,27%
2017-01-23,Waning Crescent,19%
2017-01-24,Waning Crescent,12%
2017-01-25,Waning Crescent,6%
2017-01-26,Waning Crescent,2%
2017-01-27,Waning Crescent,0%
2017-01-28,New Moon,0%
2017-01-29,Waxing Crescent,2%
2017-01-30,Waxing Crescent,7%
2017-01-31,Waxing Crescent,13%
2017-02-01,Waxing Crescent,22%
2017-02-02,Waxing Crescent,32%
2017-02-03,Waxing Crescent,42%
2017-02-04,First Quarter,54%
2017-02-05,Waxing Gibbous,65%
2017-02-06,Waxing Gibbous,76%
2017-02-07,Waxing Gibbous,85%
2017-02-08,Waxing Gibbous,92%
2017-02-09,Waxing Gibbous,97%
2017-02-10,Waxing Gibbous,100%
2017-02-11,Full Moon,100%
2017-02-12,Waning Gibbous,97%
2017-02-13,Waning Gibbous,93%
2017-02-14,Waning Gibbous,87%
2017-02-15,Waning Gibbous,80%
2017-02-16,Waning Gibbous,71%
2017-02-17,Waning Gibbous,62%
2017-02-18,Last Quarter,53%
2017-02-19,Waning Crescent,44%
2017-02-20,Waning Crescent,34%
2017-02-21,Waning Crescent,26%
2017-02-22,Waning Crescent,18%
2017-02-23,Waning Crescent,11%
2017-02-24,Waning Crescent,5%
2017-02-25,Waning Crescent,2%
2017-02-26,New Moon,0%
2017-02-27,Waxing Crescent,1%
2017-02-28,Waxing Crescent,4%
2017-03-01,Waxing Crescent,10%
2017-03-02,Waxing Crescent,18%
2017-03-03,Waxing Crescent,28%
2017-03-04,Waxing Crescent,39%
2017-03-05,First Quarter,50%
2017-03-06,Waxing Gibbous,61%
2017-03-07,Waxing Gibbous,72%
2017-03-08,Waxing Gibbous,81%
2017-03-09,Waxing Gibbous,89%
2017-03-10,Waxing Gibbous,95%
2017-03-11,Waxing Gibbous,99%
2017-03-12,Full Moon,100%
2017-03-13,Waning Gibbous,99%
2017-03-14,Waning Gibbous,96%
2017-03-15,Waning Gibbous,92%
2017-03-16,Waning Gibbous,86%
2017-03-17,Waning Gibbous,78%
2017-03-18,Waning Gibbous,70%
2017-03-19,Waning Gibbous,61%
2017-03-20,Last Quarter,42%
2017-03-21,Waning Crescent,42%
2017-03-22,Waning Crescent,33%
2017-03-23,Waning Crescent,24%
2017-03-24,Waning Crescent,15%
2017-03-25,Waning Crescent,9%
2017-03-26,Waning Crescent,3%
2017-03-27,Waning Crescent,1%
2017-03-28,New Moon,0%
2017-03-29,Waxing Crescent,3%
2017-03-30,Waxing Crescent,8%
2017-03-31,Waxing Crescent,15%
2017-04-01,Waxing Crescent,25%
2017-04-02,Waxing Crescent,36%
2017-04-03,First Quarter,47%
2017-04-04,Waxing Gibbous,58%
2017-04-05,Waxing Gibbous,69%
2017-04-06,Waxing Gibbous,78%
2017-04-07,Waxing Gibbous,86%
2017-04-08,Waxing Gibbous,93%
2017-04-09,Waxing Gibbous,97%
2017-04-10,Waxing Gibbous,99%
2017-04-11,Full Moon,100%
2017-04-12,Waning Gibbous,98%
2017-04-13,Waning Gibbous,95%
2017-04-14,Waning Gibbous,90%
2017-04-15,Waning Gibbous,84%
2017-04-16,Waning Gibbous,77%
2017-04-17,Waning Gibbous,68%
2017-04-18,Waning Gibbous,59%
2017-04-19,Last Quarter,49%
2017-04-20,Waning Crescent,39%
2017-04-21,Waning Crescent,30%
2017-04-22,Waning Crescent,20%
2017-04-23,Waning Crescent,12%
2017-04-24,Waning Crescent,6%
2017-04-25,Waning Crescent,1%
2017-04-26,New Moon,0%
2017-04-27,New Moon,1%
2017-04-28,Waxing Crescent,6%
2017-04-29,Waxing Crescent,13%
2017-04-30,Waxing Crescent,22%
2017-05-01,Waxing Crescent,32%
2017-05-02,Waxing Crescent,43%
2017-05-03,First Quarter,54%
2017-05-04,Waxing Gibbous,65%
2017-05-05,Waxing Gibbous,74%
2017-05-06,Waxing Gibbous,83%
2017-05-07,Waxing Gibbous,89%
2017-05-08,Waxing Gibbous,95%
2017-05-09,Waxing Gibbous,98%
2017-05-10,Full Moon,100%
2017-05-11,Waning Gibbous,100%
2017-05-12,Waning Gibbous,98%
2017-05-13,Waning Gibbous,94%
2017-05-14,Waning Gibbous,89%
2017-05-15,Waning Gibbous,82%
2017-05-16,Waning Gibbous,74%
2017-05-17,Waning Gibbous,65%
2017-05-18,Waning Gibbous,55%
2017-05-19,Last Quarter,45%
2017-05-20,Waning Crescent,35%
2017-05-21,Waning Crescent,25%
2017-05-22,Waning Crescent,16%
2017-05-23,Waning Crescent,8%
2017-05-24,Waning Crescent,3%
2017-05-25,New Moon,0%
2017-05-26,Waxing Crescent,1%
2017-05-27,Waxing Crescent,4%
2017-05-28,Waxing Crescent,11%
2017-05-29,Waxing Crescent,19%
2017-05-30,Waxing Crescent,29%
2017-05-31,Waxing Crescent,39%
2017-06-01,First Quarter,50%
2017-06-02,Waxing Gibbous,60%
2017-06-03,Waxing Gibbous,70%
2017-06-04,Waxing Gibbous,78%
2017-06-05,Waxing Gibbous,86%
2017-06-06,Waxing Gibbous,92%
2017-06-07,Waxing Gibbous,96%
2017-06-08,Waxing Gibbous,99%
2017-06-09,Full Moon,100%
2017-06-10,Waning Gibbous,99%
2017-06-11,Waning Gibbous,97%
2017-06-12,Waning Gibbous,92%
2017-06-13,Waning Gibbous,86%
2017-06-14,Waning Gibbous,79%
2017-06-15,Waning Gibbous,70%
2017-06-16,Waning Gibbous,60%
2017-06-17,Last Quarter,50%
2017-06-18,Waning Crescent,39%
2017-06-19,Waning Crescent,28%
2017-06-20,Waning Crescent,18%
2017-06-21,Waning Crescent,10%
2017-06-22,Waning Crescent,4%
2017-06-23,Waning Crescent,1%
2017-06-24,New Moon,0%
2017-06-25,Waxing Crescent,3%
2017-06-26,Waxing Crescent,8%
2017-06-27,Waxing Crescent,16%
2017-06-28,Waxing Crescent,25%
2017-06-29,Waxing Crescent,34%
2017-06-30,Waxing Crescent,45%
2017-07-01,Waxing Gibbous,55%
2017-07-02,Waxing Gibbous,64%
2017-07-03,Waxing Gibbous,73%
2017-07-04,Waxing Gibbous,81%
2017-07-05,Waxing Gibbous,88%
2017-07-06,Waxing Gibbous,94%
2017-07-07,Waxing Gibbous,97%
2017-07-08,Waxing Gibbous,100%
2017-07-09,Full Moon,100%
2017-07-10,Waning Gibbous,98%
2017-07-11,Waning Gibbous,95%
2017-07-12,Waning Gibbous,90%
2017-07-13,Waning Gibbous,83%
2017-07-14,Waning Gibbous,74%
2017-07-15,Waning Gibbous,64%
2017-07-16,Last Quarter,53%
2017-07-17,Waning Crescent,42%
2017-07-18,Waning Crescent,31%
2017-07-19,Waning Crescent,21%
2017-07-20,Waning Crescent,12%
2017-07-21,Waning Crescent,5%
2017-07-22,Waning Crescent,1%
2017-07-23,New Moon,0%
2017-07-24,Waxing Crescent,2%
2017-07-25,Waxing Crescent,6%
2017-07-26,Waxing Crescent,12%
2017-07-27,Waxing Crescent,20%
2017-07-28,Waxing Crescent,29%
2017-07-29,Waxing Crescent,39%
2017-07-30,First Quarter,49%
2017-07-31,Waxing Gibbous,58%
2017-08-01,Waxing Gibbous,67%
2017-08-02,Waxing Gibbous,76%
2017-08-03,Waxing Gibbous,84%
2017-08-04,Waxing Gibbous,90%
2017-08-05,Waxing Gibbous,95%
2017-08-06,Waxing Gibbous,98%
2017-08-07,Full Moon,100%
2017-08-08,Waning Gibbous,99%
2017-08-09,Waning Gibbous,97%
2017-08-10,Waning Gibbous,92%
2017-08-11,Waning Gibbous,85%
2017-08-12,Waning Gibbous,77%
2017-08-13,Waning Gibbous,67%
2017-08-14,Waning Gibbous,56%
2017-08-15,Last Quarter,45%
2017-08-16,Waning Crescent,34%
2017-08-17,Waning Crescent,23%
2017-08-18,Waning Crescent,14%
2017-08-19,Waning Crescent,7%
2017-08-20,Waning Crescent,2%
2017-08-21,New Moon,0%
2017-08-22,Waxing Crescent,1%
2017-08-23,Waxing Crescent,4%
2017-08-24,Waxing Crescent,9%
2017-08-25,Waxing Crescent,16%
2017-08-26,Waxing Crescent,24%
2017-08-27,Waxing Crescent,33%
2017-08-28,Waxing Crescent,42%
2017-08-29,First Quarter,51%
2017-08-30,Waxing Gibbous,61%
2017-08-31,Waxing Gibbous,70%
2017-09-01,Waxing Gibbous,78%
2017-09-02,Waxing Gibbous,86%
2017-09-03,Waxing Gibbous,92%
2017-09-04,Waxing Gibbous,97%
2017-09-05,Waxing Gibbous,99%
2017-09-06,Full Moon,100%
2017-09-07,Waning Gibbous,98%
2017-09-08,Waning Gibbous,94%
2017-09-09,Waning Gibbous,88%
2017-09-10,Waning Gibbous,80%
2017-09-11,Waning Gibbous,70%
2017-09-12,Waning Gibbous,59%
2017-09-13,Last Quarter,47%
2017-09-14,Waning Crescent,36%
2017-09-15,Waning Crescent,26%
2017-09-16,Waning Crescent,16%
2017-09-17,Waning Crescent,9%
2017-09-18,Waning Crescent,4%
2017-09-19,Waning Crescent,1%
2017-09-20,New Moon,0%
2017-09-21,Waxing Crescent,2%
2017-09-22,Waxing Crescent,6%
2017-09-23,Waxing Crescent,11%
2017-09-24,Waxing Crescent,18%
2017-09-25,Waxing Crescent,26%
2017-09-26,Waxing Crescent,35%
2017-09-27,Waxing Crescent,44%
2017-09-28,First Quarter,54%
2017-09-29,Waxing Gibbous,63%
2017-09-30,Waxing Gibbous,72%
2017-10-01,Waxing Gibbous,80%
2017-10-02,Waxing Gibbous,88%
2017-10-03,Waxing Gibbous,94%
2017-10-04,Waxing Gibbous,98%
2017-10-05,Full Moon,100%
2017-10-06,Waning Gibbous,99%
2017-10-07,Waning Gibbous,96%
2017-10-08,Waning Gibbous,90%
2017-10-09,Waning Gibbous,82%
2017-10-10,Waning Gibbous,73%
2017-10-11,Waning Gibbous,62%
2017-10-12,Last Quarter,50%
2017-10-13,Waning Crescent,39%
2017-10-14,Waning Crescent,29%
2017-10-15,Waning Crescent,19%
2017-10-16,Waning Crescent,11%
2017-10-17,Waning Crescent,6%
2017-10-18,Waning Crescent,2%
2017-10-19,New Moon,0%
2017-10-20,Waxing Crescent,1%
2017-10-21,Waxing Crescent,3%
2017-10-22,Waxing Crescent,7%
2017-10-23,Waxing Crescent,13%
2017-10-24,Waxing Crescent,20%
2017-10-25,Waxing Crescent,28%
2017-10-26,Waxing Crescent,37%
2017-10-27,First Quarter,46%
2017-10-28,Waxing Gibbous,56%
2017-10-29,Waxing Gibbous,65%
2017-10-30,Waxing Gibbous,74%
2017-10-31,Waxing Gibbous,83%
2017-11-01,Waxing Gibbous,90%
2017-11-02,Waxing Gibbous,96%
2017-11-03,Waxing Gibbous,99%
2017-11-04,Full Moon,100%
2017-11-05,Waning Gibbous,98%
2017-11-06,Waning Gibbous,93%
2017-11-07,Waning Gibbous,85%
2017-11-08,Waning Gibbous,76%
2017-11-09,Waning Gibbous,65%
2017-11-10,Last Quarter,54%
2017-11-11,Waning Crescent,43%
2017-11-12,Waning Crescent,33%
2017-11-13,Waning Crescent,23%
2017-11-14,Waning Crescent,15%
2017-11-15,Waning Crescent,9%
2017-11-16,Waning Crescent,4%
2017-11-17,Waning Crescent,1%
2017-11-18,New Moon,0%
2017-11-19,Waxing Crescent,1%
2017-11-20,Waxing Crescent,4%
2017-11-21,Waxing Crescent,8%
2017-11-22,Waxing Crescent,14%
2017-11-23,Waxing Crescent,21%
2017-11-24,Waxing Crescent,29%
2017-11-25,Waxing Crescent,38%
2017-11-26,First Quarter,48%
2017-11-27,Waxing Gibbous,58%
2017-11-28,Waxing Gibbous,68%
2017-11-29,Waxing Gibbous,78%
2017-11-30,Waxing Gibbous,86%
2017-12-01,Waxing Gibbous,93%
2017-12-02,Waxing Gibbous,98%
2017-12-03,Full Moon,100%
2017-12-04,Waning Gibbous,99%
2017-12-05,Waning Gibbous,95%
2017-12-06,Waning Gibbous,88%
2017-12-07,Waning Gibbous,80%
2017-12-08,Waning Gibbous,70%
2017-12-09,Waning Gibbous,59%
2017-12-10,Last Quarter,48%
2017-12-11,Waning Crescent,38%
2017-12-12,Waning Crescent,28%
2017-12-13,Waning Crescent,20%
2017-12-14,Waning Crescent,13%
2017-12-15,Waning Crescent,7%
2017-12-16,Waning Crescent,3%
2017-12-17,Waning Crescent,1%
2017-12-18,New Moon,0%
2017-12-19,Waxing Crescent,1%
2017-12-20,Waxing Crescent,4%
2017-12-21,Waxing Crescent,9%
2017-12-22,Waxing Crescent,15%
2017-12-23,Waxing Crescent,23%
2017-12-24,Waxing Crescent,31%
2017-12-25,Waxing Crescent,41%
2017-12-26,First Quarter,51%
2017-12-27,Waxing Gibbous,62%
2017-12-28,Waxing Gibbous,72%
2017-12-29,Waxing Gibbous,82%
2017-12-30,Waxing Gibbous,90%
2017-12-31,Waxing Gibbous,96%
